{"cameraMode":{"drawMode":0,"name":"Shaded","section":"Shading Mode"},"sceneLighting":false,"audioPlay":false,"sceneViewState":{"showFog":true,"showMaterialUpdate":false,"showSkybox":false,"showFlares":true,"showImageEffects":true,"showParticleSystems":true},"in2DMode":false,"pivot":{"x":-0.030696392059326173,"y":0.4593806266784668,"z":0.9164144992828369},"rotation":{"x":-0.1396915167570114,"y":0.7482905387878418,"z":-0.16678819060325623,"w":-0.6267005205154419},"size":8.445878028869629,"orthographic":false}