{"cameraMode":{"drawMode":0,"name":"Shaded","section":"Shading Mode"},"sceneLighting":true,"audioPlay":false,"sceneViewState":{"showFog":true,"showMaterialUpdate":false,"showSkybox":false,"showFlares":true,"showImageEffects":true,"showParticleSystems":true},"in2DMode":false,"pivot":{"x":30.43306541442871,"y":18.148792266845704,"z":-14.562047958374024},"rotation":{"x":-0.3282864987850189,"y":0.47208675742149355,"z":-0.19507886469364167,"w":-0.7945898771286011},"size":24.290462493896486,"orthographic":false}