{"cameraMode":{"drawMode":0,"name":"Shaded","section":"Shading Mode"},"sceneLighting":true,"audioPlay":false,"sceneViewState":{"showFog":true,"showMaterialUpdate":false,"showSkybox":false,"showFlares":true,"showImageEffects":true,"showParticleSystems":true},"in2DMode":false,"pivot":{"x":20.175025939941408,"y":5.95009183883667,"z":0.049183402210474017},"rotation":{"x":-0.14127285778522492,"y":0.8020239472389221,"z":-0.20934194326400758,"w":-0.5413101315498352},"size":8.445878028869629,"orthographic":false}